"Title","Author","ISBN","Status"
"Monsieur Pain","Roberto Bolano","0811217140","Want to read"
"Handcrafted CSS: More Bulletproof Web Design (Voices That Matter)","Dan Cederholm","0321643380","Already read"
"Logicomix: An Epic Search for Truth","Apostolos Doxiadis","1596914521","Already read"
"Nazi Literature in the Americas (New Directions Paperbook)","Roberto Bolano","","Want to read"
"The Skating Rink","Roberto Bolano","0811217132","Want to read"
"Inherent Vice","","1594202249","Already read"
"Mother Night","Kurt Vonnegut","0099819309","Already read"
"2666: A Novel","Roberto Bolano","0374100144","Already read"
"Tutor and the Soldiers","J. M. R. Lenz","0226472116","Already read"
"Dada: Zurich, Berlin, Hannover, Cologne, New York, Paris","Dorothea Dietrich","0894683136","Already read"
"The trial: a film by Orson Welles","Orson Welles","0900855460","Already read"
"White Butterfly","Walter Mosley","","Already read"
"When the Sacred Gin Mill Closes (Matt Scudder Novel)","Lawrence Block","","Already read"
"Ursula","Honoré de Balzac","1604242116","Want to read"
"Poor People","William T. Vollmann","0060878843","Want to read"
"Introducing Keynesian Economics (Introducing...(Totem))","Peter Pugh","1840461578","Already read"
"Dear Baby","William Saroyan","","Already read"
"Orestes and Other Plays (Oxford World's Classics (Oxford University Press).)","Euripides","0192832603","Already read"
"Smoke","Ivan Sergeevich Turgenev","0786199067","Already read"
"Ball and Hammer: Hugo Ball's Tenderenda the Fantast","Hugo Ball","0300083734","Want to read"
"Three Films by Woody Allen: Broadway Danny Rose, Zelig, Purple Rose of Cairo","Woody Allen","0394753046","Already read"
"The Royal Family","William Vollmann","","Want to read"
"Boys and Girls Together","","","Already read"
"Mother Courage and Her Children (Penguin Classics)","Bertolt Brecht","0143105280","Already read"
"God's Chinese Son: The Taiping Heavenly Kingdom of Hong Xiuquan","Jonathan D. Spence","","Already read"
"Don Juan Comes Back from the War and Figaro Gets Divorced","Odon Von Horvath","0948230398","Already read"
"The Diamond Age","Neal Stephenson","","Already read"
"Frost: A Novel (Vintage International)","Thomas Bernhard","1400033519","Want to read"
"Futurist Performance (PAJ Books)","Michael Kirby","1555540090","Already read"
"Still Life with Volkswagens","Geoff Nicholson","087951616X","Already read"
"The Witkiewicz Reader","Stanislaw Ignacy Witkiewicz","0810109948","Already read"
"Lipstick Traces","Greil Marcus","0571212883","Already read"
"The Best Short Works of Mark Twain (Enriched Classics)","Mark Twain","0743487796","Already read"
"Histrionics Three Plays","Thomas Bernhard","0704327988","Want to read"
"Bloody Poetry (A Play)","Howard Brenton","","Already read"
"SHORT DRIVE, SWEET CHARIOT.","","","Already read"
"MAMA, I LOVE YOU (Yearling Classic)","William Saroyan","0440400414","Already read"
"St. Joan - George Bernard Shaw","George Bernard Shaw","","Already read"
"The Abortion: An Historical Romance 1966","Richard Brautigan","0671781618","Already read"
"The Black Lizard Big Book of Pulps: The Best Crime Stories from the Pulps During Their Golden Age--The '20s, '30s & '40s (Vintage Crime/Blck Lizard Orig)","","0307280489","Want to read"
"The Night of the Iguana ; Orpheus Descending (Penguin Plays)","Tennessee Williams","","Already read"
"Ironweed","William Kennedy","0736610812","Already read"
"Against the Day","Thomas Pynchon","0143112562","Already read"
"An Afghanistan Picture Show: Or, How I Saved the World","William T. Vollmann","0374101051","Already read"
"Now They Tell Us: The American Press and Iraq","Michael Massing","1590171292","Already read"
"The Bald Soprano","Eugene Ionesco","","Already read"
"Pulp Fiction: The Villains","","1847240771","Want to read"
"The Man Who Deciphered Linear B: The Story of Michael Ventris","Andrew Robinson","0500510776","Want to read"
"Dreaming of Babylon (A Private Eye Novel 1942)","Richard Brautigan","0440520592","Already read"
"So the wind won't blow it all away","Richard Brautigan","0440081955","Want to read"
"Three Novellas","Thomas Bernhard","0226044327","Want to read"
"Precision and Soul: Essays and Addresses","Robert Musil","0226554090","Want to read"
"The Collected Works of Billy the Kid","Michael Ondaatje","067976786X","Already read"
"Hummock in the Malookas: Poems (National Poetry Series Books)","Matthew Rohrer","0393315487","Already read"
"Rise Up","Matthew Rohrer","1933517182","Want to read"
"The Cadence of Grass","Thomas Mcguane","0679767452","Want to read"
"What's Eating Gilbert Grape","Peter Hedges","0671735098","Already read"
"The Immortal Game: A History of Chess","David Shenk","1400034086","Already read"
"Agony of Flies: Notes and Notations","Elias Canetti","0374524106","Want to read"
"Not Dying","William Saroyan","1569800812","Want to read"
"Büchner: The Complete Plays: Danton's Death, Leonce and Lena, Woyzeck, the Hessian Courier, Lenz, on Cranial Nerves, and Selected Letters","Michael Patterson","0413140903","Already read"
"Satellite","Matthew Rohrer","0970367236","Want to read"
"Shoemakers Holiday (New Mermaids)","Thomas Dekker","0713666609","Already read"
"PEER GYNT.","Henrik Ibsen","3150023092","Already read"
"Mao for Beginners (A Writers & Readers Beginners Documentary Comic Book)","Rius","0906386071","Already read"
"Blago Bung, Blago Bung, Bosso Fatakal: First Texts of German Dada (Anti-Classics of Dada)","Walter Sterner","0947757864","Want to read"
"Slicky Boys","Martin Limon","1569473854","Already read"
"R. Crumb's Kafka","Robert Crumb","0743493443","Already read"
"Occam's Razor","Archer Mayor","0446608874","Already read"
"The People's Guide to Mexico (Peoples Guide to Mexico)","Carl Franz","1566914345","Already read"
"Pill Versus the Springhill Mine Disaster","Richard Brautigan","0440369568","Already read"
"The Story of Writing: Alphabets, Hieroglyphs, & Pictograms, Second Edition","Andrew Robinson","0500286604","Want to read"
"Memoirs of a Dada Drummer (The Documents of Twentieth Century Art)","Richard Huelsenbeck","0520073703","Already read"
"Why Is There Something Rather Than Nothing?: 23 Questions from Great Philosophers","Leszek Kolakowski","0465004997","Reading now"
"The Love of a Good Man: All Bleeding (Playscripts)","Howard Barker","0714537675","Already read"
"Don't Exaggerate: (Desire and Abuse)","Howard Barker","0714540765","Already read"
"Panegyrique","Guy Debord","207073403X","Already read"
"The Chronicles of Narnia: The Lion, the Witch, and the Wardrobe","C.S. Lewis","0060234822","Already read"
"Orson Welles: A Critical View","Andre Bazin","0918226287","Already read"
"The Lost Sailors","Jean-claude Izzo","1933372354","Want to read"
"Party in the Blitz: The English Years","Elias Canetti","0811216365","Want to read"
"The Time of Your Life: A Comedy in Three Acts","William Saroyan","0573616736","Already read"
"Famous American Plays of the 1920s","Kenneth MacGowan (Editor)","0440324661","Already read"
"Famous American Plays of 1940s","Henry Hewes","0440324904","Already read"
"Famous American Plays of the 1960's","","","Already read"
"Famous American Plays of the 1930's","Editor Harold Clurman","","Already read"
"Madness in the Family","William Saroyan","0811211290","Want to read"
"The Hitchhiker's Guide to the Galaxy","Douglas Adams","0671527215","Already read"
"Derby Dugan's Depression Funnies: A Novel","Tom De Haven","0805044450","Already read"
"The Image: A Guide to Pseudo-Events in America","Daniel J. Boorstin","0679741801","Already read"
"The Echo Maker: A Novel","Richard Powers","0312426437","Already read"
"Nobody's Angel","Thomas Mcguane","0394747380","Already read"
"Elmer Rice: Three Plays: The Adding Machine, Street Scene and Dream Girl","Elmer Rice","0809007355","Already read"
"Blindsight: A Novel","Herve Guibert","0807614149","Already read"
"A Red Death : Featuring an Original Easy Rawlins Short Story ""Silver Lining""","Walter Mosley","0743451767","Already read"
"Three Worlds Gone Mad: Dangerous Journeys through the War Zones of Africa, Asia, and the South Pacific","Robert Young Pelton","1592281001","Want to read"
"The Enlightened Heart","Stephen Mitchell","006092053X","Already read"
"Plays One: The Father, Miss Julie, The Ghost Sonata (Methuen World Dramatists Series)","August Strindberg","0413521605","Already read"
"It Ain't All for Nothin'","Walter Dean Myers","0064473112","Already read"
"Where Water Comes Together with Other Water: Poems","Raymond Carver","039474327X","Already read"
"Georges Perec: A Life in Words : A Biography","David Bellos","0879239808","Want to read"
"Listen!: Early Poems, 1913-1918 (Pocket Poets Series)","Vladimir Mayakovsky","0872862550","Already read"
"A Night at the Opera: An Irreverent Guide to The Plots, The Singers, The Composers, The Recordings (Modern Library Paperbacks)","Denis Sir Forman","0375751769","Want to read"
"Happy Birthday, Wanda June","Kurt Vonnegut","","Already read"
"Slacker","Richard Linklater","0312077971","Already read"
"Hawkline Monster","Richard Brautigan","0671437860","Already read"
"Chourmo","Jean-claude Izzo","1933372176","Already read"
"Total Chaos (Marseilles Trilogy)","Jean-claude Izzo","1933372044","Already read"
"Argall: VOLUME 3 OF SEVEN DREAMS: A BOOK OF NORTH AMERICAN LANDSCAPES (Vollmann, William T. Seven Dreams, V. 3,)","William Vollmann","0670910309","Want to read"
"The Black Swan","Thomas Mann","0520070097","Already read"
"The William Saroyan Reader","William Saroyan","1569800197","Already read"
"Pronto","Elmore Leonard","0385332904","Already read"
"Troilus and Cressida (Folger Shakespeare Library)","William Shakespeare","0743273311","Already read"
"The Seagull","Anton Chekhov","1406507873","Already read"
"Kroetz: Plays : 1  : Stallerhof-Request Programme-The Nest-Tom Fool-Desire-Through the Leaves (Methuen Contemporary Dramatists)","Franz Xaver Kroetz","0413774015","Already read"
"Flight Out of Time: A Dada Diary (Documents of Twentieth Century Art)","Hugo Ball","0520204409","Already read"
"The Devil's Disciple","George Bernard Shaw","1406804878","Already read"
"Kaspar and Other Plays","Peter Handke","0809015463","Already read"
"A Blazing World: The Unofficial Companion to the Second League of Extraordinary Gentlemen","Jess Nevins","1932265104","Want to read"
"Leaves of Grass","Walt Whitman","0195183428","Already read"
"Guys and Dolls: The Stories of Damon Runyon","Damon Runyon","0140176594","Already read"
"Marat/Sade","Peter Weiss","0871295075","Already read"
"The Case of the Baker Street Irregular (An Aladdin Book)","Robert Newman","0689707665","Already read"
"Brecht: Mother Courage and her Children (Plays in Production)","Peter Thomson","0521597749","Already read"
"The Life of the Drama","Eric Bentley","1557831106","Already read"
"Hardboiled: An Anthology of American Crime Stories","","019510353X","Already read"
"Gun Monkeys","Victor Gischler","0440241286","Already read"
"Love among the Haystacks: Cambridge Lawrence Edition (Penguin Twentieth-Century Classics)","D.H. Lawrence","0140188185","Already read"
"Nazi Literature in the Americas","Roberto Bolano","0811217051","Want to read"
"Captain's Verses (New Directions Paperbook)","Pablo Neruda","081120457X","Already read"
"Suspension: A Novel (P.S.)","Robert Westfield","0060741376","Already read"
"The Dain Curse","Dashiell Hammett, Hammett D. (Хэммет Д.), Dashiell Hammet","0679722602","Already read"
"Woman in the Dark","Dashiell Hammett","0679722653","Want to read"
"Nightmare Town: Stories","Dashiell Hammett","0375701028","Want to read"
"Introducing Levi-Strauss and Structural Anthropology (Introducing...(Totem))","Boris Wiseman","1840461470","Want to read"
"Introducing Anthropology, 3rd Edition (Introducing... S.)","Merryl Wyn Davies","1840466634","Already read"
"The Age of the Fish","Odon; Thomas, R. Wills (transl.) von Horvath","","Want to read"
"Tokyo-Montana express","Richard Brautigan","2267002892","Want to read"
"Gathering Evidence","Thomas Bernhard","0099442531","Want to read"
"Beyond the Chains of Illusion: My Encounter With Marx And Freud (Continuum Impacts)","Erich Fromm","082641897X","Already read"
"The Chill","Ross Macdonald","0679768076","Already read"
"Notebooks: 1960 To 1977","Athol Fugard","1559360127","Already read"
"New Poems: A Revised Bilingual Edition","Rainer Maria Rilke","0865476128","Want to read"
"Pulp Fiction","Otto Penzler","1847240666","Want to read"
"Kafka's Other Trial: The Letters to Felice","Elias Canetti","0805207058","Want to read"
"Escape from Freedom","Erich Fromm","","Already read"
"Ubu Roi","Alfred Jarry","0811200728","Already read"
"Angels: A Novel","Denis Johnson","0060988827","Want to read"
"Arguments for a Theatre","Howard Barker","0719052491","Already read"
"Fugitive Kind","Tennessee Williams","0811214729","Already read"
"Rommel Drives on Deep into Egypt","Richard Brautigan","0440374960","Already read"
"Confederate General from Big Sur","Richard Brautigan","039417271X","Already read"
"White Devil (New Mermaids)","John Webster","0713667931","Already read"
"Find a Victim: A Lew Archer Novel","Ross Macdonald","0375708677","Already read"
"Sonnets to Orpheus: Bilingual Edition","Rainer Maria Rilke","0865477213","Already read"
"Two Plays By Edward Albee: The American Dream and The Zoo Story","Edward Albee","","Already read"
"La Brava","Elmore Leonard","0753819694","Already read"
"Dada (Themes and Movements)","Rudolf Kuenzli","0714844233","Want to read"
"Life on the Mississippi (Modern Library Classics)","Mark Twain","0375759379","Already read"
"Monolithos Poems, 1962 and 1982","Jack Gilbert","0915308428","Already read"
"Turing (A Novel about Computation)","Christos H. Papadimitriou","0262661918","Want to read"
"Woyzeck: Georg Buchner","Nicholas Rudall","1566634490","Already read"
"The Voice Imitator","Thomas Bernhard","0226044025","Want to read"
"Posthumous Papers of a Living Author","Robert Musil","0976395045","Already read"
"Solea (Marseilles Trilogy)","Jean-claude Izzo","1933372303","Want to read"
"Gargoyles: A Novel","Thomas Bernhard","1400077559","Want to read"
"Dinosaurs in the Attic: An Excursion into the American Museum of Natural History","Douglas Preston","0312104561","Already read"
"The Dada Painters and Poets: An Anthology, Second Edition (Paperbacks in Art History)","David Joselit","0674185005","Want to read"
"The Continental Op","Dashiell Hammett","0679722580","Already read"
"The Devil Soldier: The American Soldier of Fortune Who Became a God in China","Caleb Carr","0679761284","Want to read"
"Dr. Jekyll and Mr. Hyde (Everyman's Library)","Robert Louis Stevenson","0679405380","Already read"
"The Guiltless","Hermann Broch","0810160781","Already read"
"Things and Flesh","Linda Gregg","1555972934","Want to read"
"The Complete Short Stories Of Thomas Wolfe","Thomas Wolfe","0020408919","Already read"
"The French Revolution: A Very Short Introduction (Very Short Introductions)","William Doyle","0192853961","Already read"
"Sweet Bird of Youth","Tennessee Williams","0811205967","Already read"
"The Infernal Machine, and Other Plays.","Jean Cocteau","0811200221","Already read"
"53 Days (Verba Mundi)","Georges Perec","1567920888","Want to read"
"Tracy's Tiger","William Saroyan","","Want to read"
"World War Z: An Oral History of the Zombie War","Max Brooks","0307346617","Already read"
"The Universal Baseball Association, Inc., J. Henry Waugh, Prop.","Robert Coover","0452260302","Already read"
"They Shoot Horses Don't They (Midnight Classics)","Horace McCoy","185242401X","Already read"
"Red Noses","","0571137717","Already read"
"My Name Is Aram","William Saroyan","0440362059","Already read"
"The Son of Laughter","Frederick Buechner","0062501178","Already read"
"Hapgood: A Play","Tom Stoppard","0571151604","Already read"
"Flight and Bliss","Mikhail Afanasevich Bulgakov","0811209415","Want to read"
"Tree of Smoke: A Novel","Denis Johnson","0374279128","Want to read"
"Fresno Stories (New Directions Bibelot)","William Saroyan","0811212823","Already read"
"Revenge of Lawn","Richard Brautigan","0671418521","Already read"
"Oresteia (Oxford World's Classics)","Aeschylus","0192832816","Already read"
"A Mind at a Time","Mel Levine","0743202236","Already read"
"The Confusion (The Baroque Cycle, Vol. 2)","Neal Stephenson","0060733357","Want to read"
"Hell to Pay: A Novel","George P. Pelecanos","","Already read"
"The Code of Kings: The Language of Seven Sacred Maya Temples and Tombs","Linda Schele","0684852098","Reading now"
"Breaking the Maya Code","Michael D. Coe","0500281335","Already read"
"Travels with My Aunt (Twentieth Century Classics)","Graham Greene","0140185011","Already read"
"Sound of Mountain Water","Wallace Stegner","0140266747","Want to read"
"Brendan: A Novel","Frederick Buechner","0060611782","Already read"
"Society of the Spectacle","Guy Debord","0946061122","Already read"
"Son of Web Pages That Suck: Learn Good Design by Looking at Bad Design","Vincent Flanders","0782140203","Already read"
"Boesman and Lena (Contemporary Plays)","A. Fugard","0195703316","Already read"
"Jung: A Very Short Introduction (Very Short Introductions)","Anthony Stevens","0192854585","Already read"
"Preston Sturges by Preston Sturges: His Life in His Words","Preston Sturges","0671747274","Already read"
"The End of the Affair (Penguin Classics Deluxe Edition)","Graham Greene","0142437980","Want to read"
"The Big Money: Volume Three of the U.S.A. Trilogy","John Dos Passos","0618056831","Already read"
"A Harlot High and Low (Penguin Classics)","Honoré de Balzac","0140442324","Want to read"
"The Memoirs of Elias Canetti: The Tongue Set Free, The Torch in My Ear, The Play of the Eyes","Elias Canetti","0374199507","Already read"
"Camino Real","Tennessee Williams","0811202186","Already read"
"Introducing Wittgenstein (Introducing (Icon))","John Heaton","1840460709","Already read"
"Distant Star","Roberto Bolano","0811215865","Want to read"
"Amulet","Roberto Bolano","0811216640","Want to read"
"In the Fascist Bathroom: Punk in Pop Music, 1977-1992","Greil Marcus","0674445775","Want to read"
"Comments on the Society of the Spectacle (The Verso Classics Series)","Guy Debord","1859841694","Already read"
"Head First SQL: Your Brain on SQL -- A Learner's Guide (Head First)","Lynn Beighley","0596526849","Reading now"
"The Captain and the Enemy (Penguin Classics)","Graham Greene","0143039296","Already read"
"Flashman At The Charge","George MacDonald Fraser, George M Fraser","0007217188","Already read"
"Correction","Thomas Bernhard","009944254X","Already read"
"The Inner Reaches of Outer Space: Metaphor as Myth and as Religion","Joseph Campbell","1577312090","Already read"
"Four Films: Annie Hall, Interiors, Manhattan, Stardust Memories","Woody Allen","0394712293","Already read"
"Why Are We at War?","Norman Mailer","0812971116","Already read"
"Our Man in Havana (Penguin Classics)","Graham Greene","0142438006","Want to read"
"The Sleepwalkers","Hermann Broch","0679764062","Want to read"
"The Three Sisters","Anton Chekhov","0802132766","Already read"
"Wittgenstein's Nephew: A Friendship (Phoenix Fiction Series)","Thomas Bernhard","0226043924","Already read"
"Black Betty","Walter Mosley","0671884271","Already read"
"Fascism: A Very Short Introduction (Very Short Introductions)","Kevin Passmore","0192801554","Want to read"
"Discourse on the Method for Conducting One's Reason Well and for Seeking Truth in the Sciences","Rene Descartes","0872204227","Already read"
"Colored Museum","George C. Wolfe","0802130488","Already read"
"The Death of Ivan Ilych and Other Stories: Family Happiness; The Kreutzer Sonata; Master and Man (Signet Classics)","Leo Tolstoy","0451525086","Already read"
"The Good Woman of Setzuan","Bertolt Brecht","0816635277","Already read"
"History of the Thirteen (Penguin Classics)","Honoré de Balzac","0140443010","Want to read"
"Favorite Poems (Dover Thrift Editions)","William Wordsworth","0486270734","Already read"
"The Wrong Side of Paris (Modern Library Classics)","Honoré de Balzac","0812966759","Reading now"
"The Wild Ass's Skin (Penguin Classics)","Honoré de Balzac","0140443304","Want to read"
"The Oblivion Seekers","Isabelle Eberhardt","0872860825","Already read"
"The Old Gringo: A Novel","Carlos Fuentes","0374530521","Already read"
"Happy Days","Samuel Beckett","0802130763","Already read"
"Confessions of Felix Krull, Confidence Man: The Early Years","Thomas Mann","0679739041","Want to read"
"Jade Lady Burning","Martin Limon","1569470200","Already read"
"Sun Moon Star","Kurt Vonnegut","0060263199","Already read"
"Zak Smith: Pictures Of Girls","Zak Smith","1933045221","Already read"
"Pictures Showing What Happens on Each Page of Thomas Pynchon's Novel Gravity's Rainbow","Zak Smith","0977312798","Already read"
"Playing Shakespeare: An Actor's Guide (Methuen Paperback)","John Barton","0385720858","Already read"
"The Big Con: The Story of the Confidence Man","David Maurer","0385495382","Already read"
"Three by Perec (Verba Mundi)","Georges Perec","1567922546","Want to read"
"The Lessons of Terror: A History of Warfare Against Civilians","Caleb Carr","0375760741","Already read"
"The Loser: A Novel","Thomas Bernhard","1400077540","Want to read"
"Illuminations (New Directions Paperbook, No. 56)","Arthur Rimbaud","0811201848","Already read"
"White Butterfly","Walter Mosley","0743451775","Already read"
"Flashman and the Angel of the Lord","George MacDonald Fraser","0452274400","Already read"
"Balzac: A Biography","Graham Robb","0393313875","Want to read"
"Mockingbird Wish Me Luck","Charles Bukowski","0876851383","Already read"
"Blues for Mr. Charlie","James Baldwin","044030637X","Already read"
"The Glass Bees (New York Review Books Classics)","Ernst Junger","0940322552","Already read"
"The Confusions of Young Torless (Penguin Twentieth-Century Classics)","Robert Musil","0142180009","Want to read"
"Bulletproof Web Design: Improving flexibility and protecting against worst-case scenarios with XHTML and CSS (2nd Edition)","Dan Cederholm","0321509021","Already read"
"The Rule of Saint Benedict","St. Benedict","037570017X","Already read"
"Rl's Dream: A Novel","Walter Mosley","0393038025","Already read"
"The Hedgehog and the Fox: An Essay on Tolstoy's View of History","Isaiah Berlin","1566630193","Already read"
"Moby-Dick or, The Whale (Penguin Classics)","Herman Melville","0142437247","Already read"
"A Coffin for Dimitrios","Eric Ambler","0375726713","Already read"
"The Revolt of the Masses","Jose Ortega y Gasset","0393310957","Already read"
"The Clash of Fundamentalisms: Crusades, Jihads and Modernity","Tariq Ali","185984457X","Already read"
"An Essay on Liberation","Herbert Marcuse","0807005959","Already read"
"Resuscitation of a Hanged Man","Denis Johnson","0060934662","Already read"
"Rising Up and Rising Down","William T. Vollman","0715633740","Want to read"
"Marx: A Very Short Introduction (Very Short Introductions                                                   X)","Peter Singer","0192854054","Already read"
"Death in Venice","Thomas Mann","0141181737","Already read"
"The 42nd Parallel: Volume One of the U.S.A. Trilogy","John Dos Passos","0618056815","Already read"
"The Pyrates: A Swashbuckling Comic Novel by the Creator of Flashman","George MacDonald Fraser","1585748005","Want to read"
"Ghosts","Henrik Ibsen","1420927957","Already read"
"Of Mice and Men","John Steinbeck","0142000671","Already read"
"Mr. American","George MacDonald Fraser","078670554X","Already read"
"Turtle Island (A New Directions Book)","Gary Snyder","0811205460","Already read"
"A Swell-Looking Babe","Jim Thompson","0679733116","Already read"
"The Big Knockover: Selected Stories and Short Novels","Dashiell Hammett","0679722599","Want to read"
"You Bright and Risen Angels (Contemporary American fiction)","William Vollmann","0140110879","Already read"
"Thirteen Stories and Thirteen Epitaphs","William T. Vollmann","0802133959","Already read"
"Argall: The True Story of Pocahontas and Captain John Smith","William Vollmann","0142001503","Want to read"
"Fathers and Crows (Seven Dreams)","William Vollmann","014016717X","Want to read"
"Uncentering the Earth: Copernicus and The Revolutions of the Heavenly Spheres (Great Discoveries)","William T. Vollmann","0393329186","Want to read"
"A Green Light","Matthew Rohrer","0972348778","Already read"
"Things: A Story of the Sixties; A Man Asleep (Verba Mundi)","Georges Perec","1567921574","Already read"
"Because the Night","James Ellroy","1400095298","Already read"
"By Night in Chile","Roberto Bolano","0811215474","Want to read"
"1919: Volume Two of the U.S.A. Trilogy","John Dos Passos","0618056823","Already read"
"Whores for Gloria: A Novel (Contemporary American Fiction)","William Vollmann","0140231579","Already read"
"Butterfly Stories: A Novel","William T. Vollmann","0802134009","Want to read"
"The Rainbow Stories (Contemporary American Fiction)","William Vollmann","0140171541","Already read"
"The Atlas","William Vollmann","0140254498","Want to read"
"Darkness, Take My Hand (Patrick Kenzie/Angela Gennaro Novels)","Dennis Lehane","0380726289","Already read"
"Sister Carrie (Barnes & Noble Classics)","Theodore Dreiser","1593082266","Already read"
"Here Comes There Goes You Know Who","William Saroyan","1569800308","Want to read"
"The Bacchae and Other Plays (Penguin Classics)","Euripides","0140440445","Already read"
"OPERA 101: A COMPLETE GUIDE TO LEARNING AND LOVING OPERA","Fred Plotkin","0786880252","Already read"
"Master Harold . . . And The Boys (Penguin Plays)","Athol Fugard","0140481877","Already read"
"Babel-17/Empire Star","Samuel R. Delany","0375706690","Already read"
"Galactic Pot-Healer","Philip K. Dick","0679752978","Already read"
"The Restaurant at the End of the Universe","Douglas Adams","0345418921","Already read"
"The Wild Duck (Dover Thrift Editions)","Henrik Ibsen","0486411168","Already read"
"The Simulacra","Philip K. Dick","0375719261","Already read"
"Trouble Is My Business","Raymond Chandler","0394757645","Already read"
"Coriolanus (Arden Shakespeare: Second Series)","William Shakespeare","1903436648","Already read"
"Lost Illusions","Honoré de Balzac","1406948284","Already read"
"The Fountainhead","Ayn Rand","0452286751","Already read"
"The Great Fires: Poems, 1982-1992","Jack Gilbert","0679747672","Already read"
"Victor Hugo: A Biography","Graham Robb","0393318990","Want to read"
"Godric: A Novel","Frederick Buechner","0060611626","Already read"
"Mr Vertigo","Paul Auster","0571229085","Already read"
"Lemons Never Lie (Hard Case Crime)","Richard Stark","0843955945","Already read"
"Selected Poems and Letters Of Emily Dickenson","Robert N. Linscott","","Already read"
"The Proper Study of Mankind: An Anthology of Essays","Isaiah Berlin","0374527172","Already read"
"The Yearling (Aladdin Classics)","Marjorie Kinnan Rawlings","0689846231","Already read"
"The Voices of Marrakesh","Elias Canetti","0714525804","Already read"
"To Have and Have Not","Ernest Hemingway","0684818981","Already read"
"The Daring Young Man on the Flying Trapeze: And Other Stories (New Directions Classic)","William Saroyan","081121365X","Want to read"
"The Human Comedy","William Saroyan","0440339332","Already read"
"The Stars at Noon","Denis Johnson","0060976101","Already read"
"Desire Under the Elms","Eugene O'Neill","1854591363","Already read"
"As You Like It","William Shakespeare","9780743484862","Already read"
"Faust: A Tragedy (Norton Critical Editions)","Johann Wolfgang von Goethe","0393972828","Already read"
"The World Doesn't End","Charles Simic","0156983508","Already read"
"An Unfortunate Woman: A Journey","Richard Brautigan","0312277105","Already read"
"Richard II (Folger Shakespeare Library)","William Shakespeare","0743484916","Already read"
"The Rifles (Seven Dreams)","William Vollmann","0140176233","Want to read"
"The Ice-Shirt (Seven Dreams)","William Vollmann","0140131965","Already read"
"Gold Bug Variations","Richard Powers","0060975008","Already read"
"Galatea 2.2: A Novel","Richard Powers","0312423136","Already read"
"Three Farmers on Their Way to a Dance","Richard Powers","0060975091","Already read"
"The Real Thing","Tom Stoppard","0571125298","Already read"
"The Bushwacked Piano","Thomas Mcguane","0394726421","Already read"
"The Three Musketeers","Alexandre Dumas, père","0451530039","Already read"
"Silence: Lectures and Writings","John Cage","0819560286","Already read"
"The Wild Party: The Lost Classic by Joseph Moncure March","Art Spiegelman","0375706437","Already read"
"War and Peace","Leo Tolstoy","0307266931","Already read"
"A Scanner Darkly","Philip K. Dick","0679736654","Already read"
"Willard and His Bowling Trophies","Richard Brautigan","0671220659","Want to read"
"Little Birds","Anaïs Nin","0156029049","Already read"
"Rhinoceros (French Edition)","Eugene Ionesco","2070368165","Already read"
"The Three Theban Plays (Penguin Classics)","Sophocles","0140444254","Already read"
"More Tales of the City (Tales of the City, V. 2)","Armistead Maupin","055299877X","Already read"
"Fiskadoro","Denis Johnson","0060976098","Already read"
"Richard Brautigan : A Confederate General from Big Sur, Dreaming of Babylon, and  the Hawkline Monster (Three Books in the Manner of Their Original ed)","Richard Brautigan","0395547032","Already read"
"The Cocktail Party","T. S. Eliot","0156182890","Already read"
"Yes (Phoenix Fiction Series)","Thomas Bernhard","0226043908","Already read"
"Titus Andronicus (Folger Shakespeare Library)","William Shakespeare","0671722921","Already read"
"Geek Love","Katherine Dunn","0788731076","Already read"
"Journey Without Maps (Penguin Classics)","Graham Greene","0143039725","Already read"
"The Brothers K","David James Duncan","055337849X","Already read"
"Loading Mercury With a Pitchfork: [Poems]","Richard Brautigan","0671222716","Want to read"
"A Void (Verba Mundi)","Georges Perec","1567922961","Already read"
"Trout Fishing in America","Richard Brautigan","0099747715","Already read"
"Manhattan Transfer: A Novel","John Dos Passos","0618381864","Want to read"
"Children of God (Ballantine Reader's Circle)","Mary Doria Russell","044900483X","Already read"
"Revenger's Tragedy (New Mermaids)","Cyril Tourneur","0713666641","Already read"
"Play the Piano","Charles Bukowski","0876854374","Already read"
"W, or the Memory of Childhood (Verba Mundi)","Georges Perec","1567921582","Already read"
"The League of Extraordinary Gentlemen: The Black Dossier","Alan Moore","140120306X","Already read"
"Revenge of the Lawn, The Abortion, So the Wind Won't Blow It All Away","Richard Brautigan","0395706742","Already read"
"The Iceman Cometh","Eugene O'Neill","0300117434","Already read"
"The Making of the Atomic Bomb","Richard Rhodes","0684813785","Want to read"
"The Balcony","Jean Genet","0802150349","Want to read"
"The Threepenny Opera","Bertolt Brecht","1559702524","Already read"
"Mother Courage and Her Children","Bertolt Brecht","0802130828","Already read"
"Galileo","Bertolt Brecht","0802130593","Already read"
"Peer Gynt (Dover Thrift Editions)","Henrik Ibsen","0486426866","Already read"
"The Strange Case of Dr. Jekyll and Mr. Hyde (Dover Thrift Editions)","Robert Louis Stevenson","0486266885","Already read"
"Spy in the House of Love","Anaïs Nin","0141023503","Already read"
"The Art of Fiction: Notes on Craft for Young Writers","John Gardner","0679734031","Already read"
"On Becoming a Novelist","John Gardner","0393320030","Already read"
"Slow Learner: Early Stories Tag: With an introduction by the author","Thomas Pynchon","0316724432","Already read"
"The Throne of the Third Heaven of the Nations Millennium General Assembly: Poems Collected and New","Denis Johnson","0060926961","Already read"
"The Savage Detectives: A Novel","Roberto Bolano","0374191484","Already read"
"The Duchess of Malfi, Fourth Edition (New Mermaids)","John Webster","0393900916","Already read"
"Sam Shepard : Seven Plays (Buried Child, Curse of the Starving Class, The Tooth of Crime, La Turista, Tongues, Savage Love, True West)","Sam Shepard","0553346113","Already read"
"From Hell - New Cover Edition","Alan Moore","0958578346","Want to read"
"What Went Wrong?: The Clash Between Islam and Modernity in the Middle East","Bernard Lewis","0060516054","Already read"
"Loser Takes All (Penguin Twentieth-Century Classics)","Graham Greene","0140185429","Already read"
"Buddenbrooks: The Decline of a Family (Everyman's Library)","Thomas Mann","0679417370","Want to read"
"Pop. 1280","Jim Thompson","0679732497","Already read"
"Phaedra, by Racine","Richard Wilbur","015675780X","Already read"
"Death of Virgil","Hermann Broch","0679755489","Want to read"
"End Zone","Don DeLillo","0140085688","Already read"
"Long Day's Journey into Night","Eugene O'Neill","0300093055","Already read"
"Designing the Obvious: A Common Sense Approach to Web Application Design","Robert Hoekman Jr.","032145345X","Already read"
"The Infernal Desire Machines of Doctor Hoffman","Angela Carter","0140235191","Already read"
"Leviathan (Contemporary American Fiction)","Paul Auster","0140178139","Want to read"
"Hedda Gabler","Henrik Ibsen","1420926659","Already read"
"Notre-Dame of Paris (The Hunchback of Notre Dame)","Victor Hugo","0140443533","Already read"
"T.S. Eliot Reads: The Wasteland, Four Quartets and Other Poem","T. S. Eliot","0694522767","Already read"
"The Duchess of Malfi: John Webster (Revels Student Editions)","John Webster","0719043573","Already read"
"Ninety-two in the Shade","Thomas Mcguane","0679752897","Already read"
"Spook Country","William Gibson","0399154302","Want to read"
"Papillon (P.S.)","Henri Charriere","0061120669","Want to read"
"A Dream Play","August Strindberg","1559362707","Already read"
"The Game-Players of Titan","Philip K. Dick","0679740651","Want to read"
"The Fatal Eggs (Hesperus Modern Voices)","Mikhail Bulgakov","1843914115","Want to read"
"Lipstick Traces: A Secret History of the Twentieth Century","Greil Marcus","0674535812","Already read"
"The Imitation of Christ","Thomas a Kempis","0375700188","Already read"
"The Big Rock Candy Mountain (Contemporary American Fiction)","Wallace Stegner","0140139397","Already read"
"In Watermelon Sugar","Richard Brautigan","0099437597","Already read"
"Vineland (Penguin Twentieth-Century Classics)","Thomas Pynchon","0141180633","Already read"
"Claudius the God: And His Wife Messalina","Robert Graves","0679725733","Want to read"
"Richard III (Folger Shakespeare Library)","William Shakespeare","0743482840","Already read"
"Further Tales of the City (Tales of the City Series, V. 3)","Armistead Maupin","0060924926","Already read"
"Dada: Zurich, Berlin, Hanover, Cologne, New York, Paris","Leah Dickerman","1933045205","Already read"
"Theatre of the Oppressed","Augusto Boal","0930452496","Already read"
"Eugenie Grandet (Penguin Classics)","Honoré de Balzac","014044050X","Already read"
"The Baron in the Trees","Italo Calvino","0156106809","Already read"
"In the Beginning...was the Command Line","Neal Stephenson","0380815931","Want to read"
"The Night of the Iguana","Tennessee Williams","0822208237","Already read"
"Longitude: The True Story of a Lone Genius Who Solved the Greatest Scientific Problem of His Time","Dava Sobel","0140258795","Already read"
"Auto-da-Fe","Elias Canetti","0374518793","Already read"
"Red Harvest","Dashiell Hammett","0679722610","Already read"
"Tales of the City: A Novel (P.S.)","Armistead Maupin","0061358304","Already read"
"Look Homeward, Angel","Thomas Wolfe","0743297318","Want to read"
"Slapstick: Or Lonesome No More!","Kurt Vonnegut","0385334230","Already read"
"Old Goriot (Penguin Classics)","Honoré de Balzac","0140440178","Already read"
"Cousin Bette (Modern Library Classics)","Honoré de Balzac","0375759077","Already read"
"Jailbird","Kurt Vonnegut","0385333900","Already read"
"Deadeye Dick","Kurt Vonnegut","0385334176","Already read"
"Mao II: A Novel","Don DeLillo","0140152741","Already read"
"A Theory of Everything: An Integral Vision for Business, Politics, Science and Spirituality","Ken Wilber","1570628556","Already read"
"Journey to the End of the Night (New Directions Paperbook)","Louis-Ferdinand Celine","0811216543","Already read"
"I, Claudius : From the Autobiography of Tiberius Claudius, Born 10 B.C., Murdered and Deified A.D. 54 (Vintage International)","Robert Graves","067972477X","Already read"
"Mona Lisa Overdrive","William Gibson","0553281747","Want to read"
"Burning Chrome","William Gibson","0060539828","Already read"
"Pattern Recognition","William Gibson","0425198685","Already read"
"Old Masters: A Comedy (Phoenix Fiction Series)","Thomas Bernhard","0226043916","Already read"
"In His Own Write","John Lennon","0684868075","Already read"
"The Comedy of Errors (Folger Shakespeare Library)","William Shakespeare","0743484886","Already read"
"Low Life: Lures and Snares of Old New York","Luc Sante","0374528993","Already read"
"Flashman's Lady (Flashman)","George MacDonald Fraser","0452264898","Already read"
"Shakespeare's Sonnets (Folger Shakespeare Library)","William Shakespeare","0671722875","Already read"
"Web Design in a Nutshell: A Desktop Quick Reference (In a Nutshell (O'Reilly))","Jennifer Niederst Robbins","0596009879","Already read"
"Slouching Towards Bethlehem: Essays","Joan Didion","0374521727","Already read"
"Dhalgren","Samuel R. Delany","0375706682","Want to read"
"Psychotic Reactions and Carburetor Dung: The Work of a Legendary Critic: Rock'N'Roll as Literature and Literature as Rock 'N'Roll","Lester Bangs","0679720456","Want to read"
"The Tell-Tale Heart and Other Writings (Bantam Classics)","Edgar Allan Poe","0613366964","Already read"
"Medea and Other Plays (Penguin Classics)","Euripides","0140449299","Already read"
"Rubicon: The Last Years of the Roman Republic","Tom Holland","1400078970","Already read"
"A Moon for the Misbegotten","Eugene O'Neill","0300118155","Already read"
"The American Dream and Zoo Story","Edward Albee","0452278899","Already read"
"The Souls of Black Folk (Dover Thrift Editions)","W. E. B. Du Bois","0486280411","Want to read"
"Heart of a Dog","Mikhail Bulgakov","0802150594","Already read"
"Failed States: The Abuse of Power and the Assault on Democracy","Noam Chomsky","0805082840","Already read"
"A River Runs through It and Other Stories, Twenty-fifth Anniversary Edition","Norman Maclean","0226500667","Already read"
"The Man Without Qualities Vol. 2: Into the Millennium, from the Posthumous Papers","Robert Musil","0679768025","Already read"
"The Man Without Qualities Vol. 1: A Sort of Introduction and Pseudo Reality Prevails","Robert Musil","0679767878","Already read"
"The Magic Mountain","Thomas Mann","0679772871","Want to read"
"Christopher Marlowe: The Complete Plays","Christopher Marlowe","0140436332","Already read"
"The Man Who Japed","Philip K. Dick","0375719350","Want to read"
"Radical Chic & Mau-Mauing the Flak Catchers","Tom Wolfe","0553380621","Already read"
"Devil in a Blue Dress (Easy Rawlins Mysteries)","Walter Mosley","0743451791","Already read"
"Death in Venice","Thomas Mann","0060576170","Already read"
"Pere Goriot (Norton Critical Editions)","Honoré de Balzac","039397166X","Want to read"
"Lunch Poems (Pocket Poets Series: No. 19)","Frank O'Hara","0872860353","Already read"
"The Flanders Panel","Arturo Perez-Reverte","0156029588","Want to read"
"Breakfast at Tiffany's: A Short Novel and Three Stories","Truman Capote","067960085X","Want to read"
"The Boys of Summer","Roger Kahn","0060883960","Already read"
"Danny, the Champion of the World","Roald Dahl","0141301147","Already read"
"Antony and Cleopatra","William Shakespeare","0743482859","Already read"
"Refusing Heaven","Jack Gilbert","037571085X","Want to read"
"Without Feathers","Woody Allen","0345336976","Already read"
"Reality Sandwiches, 1953-1960 (Pocket Poets Series, No. 18)","Allen Ginsberg","0872860213","Already read"
"You Can't Go Home Again","Thomas Wolfe","0060930055","Already read"
"Perdido Street Station","China Mieville","0345459407","Reading now"
"Getting Even","Woody Allen","0394726405","Already read"
"Side Effects","Woody Allen","0345343352","Already read"
"The Sparrow","Mary Doria Russell","0449912558","Already read"
"A Doll's House","Henrik Ibsen","1580495982","Already read"
"Bleak House","Charles Dickens","0375760059","Already read"
"Shakespeare: The Invention of the Human","Harold Bloom","157322751X","Want to read"
"Ubik","Philip K. Dick","0679736646","Already read"
"Rosencrantz and Guildenstern Are Dead","Tom Stoppard, Roger Sales","0802132758","Already read"
"Bluebeard (Delta Fiction)","Kurt Vonnegut","038533351X","Already read"
"Richard Brautigan's Trout Fishing in America, The Pill versus The Springhill Mine Disaster, and In Watermelon Sugar","Richard Brautigan","0395500761","Already read"
"Jesus' Son: Stories by Denis Johnson","Denis Johnson","0060975776","Already read"
"Nights at the Circus","Angela Carter","0140077030","Already read"
"Amsterdam: A Novel","Ian McEwan","0385494246","Already read"
"Number9Dream","David Mitchell","0812966929","Want to read"
"Species of Spaces and Other Pieces (Twentieth Century Classics)","Georges Perec","0140189866","Want to read"
"Flywheel, Shyster, and Flywheel: The Marx Brothers' Lost Radio Show","Michael Barson","0679720367","Already read"
"Invisible Cities","Italo Calvino","0156453800","Already read"
"The Art of Loving","Erich Fromm","0061129739","Already read"
"The Adventures of Tom Sawyer","Mark Twain","0143039563","Already read"
"Who's Afraid of Virginia Woolf?","Edward Albee","0451218590","Already read"
"Flashman and the Redskins (Flashman)","George MacDonald Fraser","0452264871","Already read"
"Flash for Freedom! (Flashman)","George MacDonald Fraser","0452260892","Already read"
"Flashman and the Dragon (Flashman)","George MacDonald Fraser","0452261910","Already read"
"Royal Flash (Flashman)","George MacDonald Fraser","0452261120","Already read"
"Flashman and the Mountain of Light (Flashman)","George MacDonald Fraser","0452267854","Already read"
"Flashman in the Great Game: A Novel (Flashman)","George MacDonald Fraser","0452263034","Already read"
"Flashman on the March (Flashman Papers)","George MacDonald Fraser","1400096464","Already read"
"Flashman: A Novel (Flashman)","George MacDonald Fraser","0452259614","Already read"
"Waiting for the Barbarians","J. M. Coetzee","0140283358","Already read"
"The 39 Steps","John Buchan","1419151126","Already read"
"We Wish to Inform You That Tomorrow We Will be Killed With Our Families: Stories from Rwanda","Philip Gourevitch","0312243359","Already read"
"Longitudes and Attitudes: The World in the Age of Terrorism","Thomas L. Friedman","1400031257","Already read"
"The Hound of the Baskervilles","Arthur Conan Doyle","0451528018","Already read"
"Robert Young Pelton's The World's Most Dangerous Places: 5th Edition (Robert Young  Pelton the World's Most Dangerous Places)","Robert Young Pelton","0060011602","Already read"
"The System of the World (The Baroque Cycle, Vol. 3)","Neal Stephenson","","Want to read"
"No One Here Gets Out Alive","Jerry Hopkins","0446697338","Already read"
"Mao: The Unknown Story","Jung Chang","0679746323","Already read"
"Henry V","William Shakespeare","0743484878","Already read"
"The Quiet American (Penguin Classics Deluxe Edition)","Graham Greene","0143039024","Want to read"
"The Color of Magic","Terry Pratchett","0061020710","Already read"
"Ghostwritten","David Mitchell","0375724508","Already read"
"Envisioning Information","Edward R. Tufte","0961392118","Reading now"
"The Maya, Seventh Edition (Ancient Peoples and Places)","Michael D. Coe","0500285055","Already read"
"One Fish Two Fish Red Fish Blue Fish","Dr. Seuss","0394800133","Already read"
"Twelfth Night","William Shakespeare","0743482778","Already read"
"The Road","Cormac McCarthy","0307387895","Already read"
"A Raisin in the Sun","Lorraine Hansberry","0679755330","Already read"
"Don Quixote","Miguel de Cervantes","0060934344","Want to read"
"Flow: The Psychology of Optimal Experience","Mihaly Csikszentmihalyi","0060920432","Reading now"
"The Double Helix: A Personal Account of the Discovery of the Structure of DNA","James D. Watson","074321630X","Already read"
"Uncle Tom's Cabin","Harriet Beecher Stowe","1840224029","Want to read"
"Cat on a Hot Tin Roof","Tennessee Williams","0451171128","Already read"
"Timequake","Kurt Vonnegut","0425164349","Already read"
"If on a winter's night a traveler","Italo Calvino","0156439611","Already read"
"The Black Dahlia","James Ellroy","0446698873","Already read"
"The Master and Margarita","Mikhail Bulgakov","0679760806","Already read"
"The Communist Manifesto","Karl Marx","0140447571","Already read"
"Gravity's Rainbow (Penguin Classics Deluxe Edition)","Thomas Pynchon","0143039946","Already read"
"A Christmas Carol","Charles Dickens","1580495796","Already read"
"Silent Spring","Rachel Carson","0618249060","Want to read"
"Life: A User's Manual","Georges Perec","0879237511","Already read"
"Five Plays: Ivanov, The Seagull, Uncle Vanya, Three Sisters, and The Cherry Orchard (Oxford World's Classics)","Anton Chekhov","0192834126","Already read"
"Black Swan Green: A Novel","David Mitchell","0812974018","Want to read"
"The Confusion (The Baroque Cycle, Vol. 2)","Neal Stephenson","","Want to read"
"Quicksilver (The Baroque Cycle, Vol. 1)","Neal Stephenson","0060593083","Already read"
"Adventures of Huckleberry Finn","Mark Twain","0553210793","Already read"
"The Bone People: A Novel","Keri Hulme","0140089225","Already read"
"Will in the World: How Shakespeare Became Shakespeare","Stephen Greenblatt","039332737X","Already read"
"Coming Through Slaughter","Michael Ondaatje","0679767851","Already read"
"The Cherry Orchard (Dover Thrift Editions)","Anton Chekhov","0486266826","Already read"
"A Good Man Is Hard to Find and Other Stories","Flannery O'Connor","0156364654","Already read"
"Othello, the Moor of Venice","William Shakespeare","0743477553","Already read"
"King Lear","William Shakespeare","074348276X","Already read"
"The Third Man","Graham Greene","0140286829","Already read"
"The Heart of the Matter","Graham Greene","0099478420","Want to read"
"The Power and the Glory","Graham Greene","0142437301","Already read"
"Gasoline & the Vestal Lady on Brattle (Pocket Poets Series)","Gregory Corso","0872860884","Already read"
"Gravity's Rainbow","Thomas Pynchon","0140283382","Already read"
"Mason & Dixon: A Novel","Thomas Pynchon","0312423209","Already read"
"So Long, and Thanks for All the Fish","Douglas Adams","0345391837","Already read"
"Life, the Universe and Everything","Douglas Adams","0345391829","Already read"
"You Get So Alone at Times","Charles Bukowski","0876856830","Already read"
"Cryptonomicon","Neal Stephenson","0060512806","Want to read"
"The Big Sleep","Raymond Chandler","0394758285","Already read"
"The Thin Man","Dashiell Hammett","0679722637","Already read"
"The Hunchback of Notre-Dame (Signet Classics)","Victor Hugo","0451527887","Already read"
"Ask the Dust (P.S.)","John Fante","0060822554","Already read"
"Everyman","Philip Roth","0307277712","Want to read"
"Love is a Dog From Hell","Charles Bukowski","0876853629","Already read"
"Flow My Tears, the Policeman Said","Philip K. Dick","067974066X","Already read"
"Do Androids Dream of Electric Sheep?","Philip K. Dick","0345404475","Already read"
"Naked Lunch","William S. Burroughs","0802140181","Want to read"
"Neuromancer","William Gibson","0441569595","Already read"
"V. (Perennial Classics)","Thomas Pynchon","0060930217","Already read"
"A Moveable Feast","Ernest Hemingway","068482499X","Already read"
"The Complete Short Stories of Ernest Hemingway","Ernest Hemingway","0684843323","Already read"
"And Then There Were None","Agatha Christie","0312330871","Already read"
"The Pearl","John Steinbeck","014017737X","Already read"
"Howl and Other Poems","Allen Ginsberg","0872860175","Already read"
"The Days Run Away Like Wild Horses","Charles Bukowski","0876850050","Already read"
"The Children of Men","P.D. James","0307279901","Already read"
"Death of a Salesman","Arthur Miller","0140481346","Already read"
"The Elements of Style, Fourth Edition","William Strunk, Jr.","0205313426","Already read"
"Revolutionary Road","Richard Yates","0375708448","Want to read"
"Battle Royale","Koushun Takami","156931778X","Already read"
"The Tempest","William Shakespeare","0743482832","Already read"
"Cannery Row","John Steinbeck","014200068X","Already read"
"A Coney Island of the Mind: Poems (New Directions Paperback No. 74)","Lawrence Ferlinghetti","0811200418","Already read"
"My Antonia","Willa Cather","039575514X","Already read"
"Designing with Web Standards (2nd Edition)","Jeffrey Zeldman","0321385551","Already read"
"Treasure Island","Robert Louis Stevenson","0451527046","Already read"
"Our Town: A Play in Three Acts","Thornton Wilder","0060512636","Already read"
"The League of Extraordinary Gentlemen, Vol. 2","Alan Moore","1401201180","Already read"
"The League of Extraordinary Gentlemen, Vol. 1","Alan Moore","1563898586","Already read"
"Watchmen","Alan Moore and Dave Gibbons","0930289234","Already read"
"Six Easy Pieces: Essentials of Physics Explained by Its Most Brilliant Teacher","Richard Phillips Feynman","0465023924","Want to read"
"The Diamond Age: Or, a Young Lady's Illustrated Primer (Bantam Spectra Book)","Neal Stephenson","0553380966","Want to read"
"The Decline and Fall of the Roman Empire (Modern Library Classics)","Edward Gibbon","0375758119","Want to read"
"The Tao of Pooh","Benjamin Hoff","0140067477","Already read"
"Hocus Pocus","Kurt Vonnegut","0425161293","Already read"
"Rule of the Bone: Novel, A","Russell Banks","0060927240","Already read"
"Sweet Hereafter: A Novel","Russell Banks","0060923245","Already read"
"The Fellowship of the Ring","J.R.R. Tolkien","0788789813","Already read"
"A People's History of the United States: 1492-Present","Howard Zinn","0060838655","Want to read"
"The Lone Ranger and Tonto Fistfight in Heaven","Sherman Alexie","0802141676","Already read"
"The Merchant of Venice","William Shakespeare","0743477561","Already read"
"The Scarlet Letter","Nathaniel Hawthorne","0142437263","Already read"
"The Sirens of Titan","Kurt Vonnegut","0385333498","Already read"
"God Bless You, Mr. Rosewater","Kurt Vonnegut","0385333471","Already read"
"The Crying of Lot 49","Thomas Pynchon","006091307X","Already read"
"The Grapes of Wrath","John Steinbeck","0142000663","Already read"
"Middlesex","Jeffery Eugenides","3499238101","Already read"
"The Sun Also Rises","Ernest Hemingway","0743297334","Already read"
"Julius Caesar","William Shakespeare","0743482743","Already read"
"Agile Web Development with Rails, 2nd Edition","Dave Thomas","0977616630","Want to read"
"Arms and the Man","George Bernard Shaw","1599869209","Already read"
"Where the Wild Things Are","Maurice Sendak","0060254920","Already read"
"The Oresteia: Agamemnon; The Libation Bearers; The Eumenides (Penguin Classics)","Aeschylus","0140443339","Already read"
"Galapagos (Delta Fiction)","Kurt Vonnegut","0385333870","Already read"
"For Whom the Bell Tolls","Ernest Hemingway","0684803356","Already read"
"Endgame and Act Without Words","Samuel Beckett","0802150241","Already read"
"Second Treatise of Government","John Locke","0915144867","Already read"
"Poetics (Penguin Classics)","Aristotle","0140446362","Already read"
"The Caucasian Chalk Circle","Bertolt Brecht","0816635285","Already read"
"Death in Venice: And Seven Other Stories","Thomas Mann","0679722068","Already read"
"A Room of One's Own","Virginia Woolf","0156787334","Already read"
"Cold Mountain","Charles Frazier","0802142842","Already read"
"Cloud Atlas: A Novel","David Mitchell","0375507256","Want to read"
"The Alienist: A Novel","Caleb Carr, Joaquim Maria Machado De Assis, Carr Caleb","0812976142","Already read"
"The Plot Against America","Philip Roth","1400079497","Already read"
"Casino Royale (James Bond Novels)","Ian Fleming","014200202X","Already read"
"Where the Sidewalk Ends: Poems and Drawings (30th Anniversary Edition)","Shel Silverstein","0060572345","Already read"
"Les Misérables","Victor Hugo","0451525264","Reading now"
"A Clockwork Orange","Anthony Burgess","0393312836","Want to read"
"The Hero with a Thousand Faces (Mythos Books)","Joseph Campbell","0691017840","Already read"
"East of Eden","John Steinbeck","0142004235","Already read"
"Breakfast of Champions","Kurt Vonnegut","0385334206","Already read"
"The Great Gatsby","F. Scott Fitzgerald, York Notes, F. Scott Fitzgerald","0743273567","Want to read"
"The Man in the High Castle","Philip K. Dick","0679740678","Already read"
"The True Believer: Thoughts on the Nature of Mass Movements (Perennial Classics)","Eric Hoffer","0060505915","Already read"
"Romeo and Juliet","William Shakespeare","0743477111","Already read"
"The Count of Monte Cristo","Alexandre Dumas, père","0140449264","Already read"
"The Giving Tree","Shel Silverstein","0060256656","Already read"
"Candide: Or, Optimism (Penguin Classics Deluxe Edition)","Voltaire, Chris Ware (Illustrator), Theo Cuffe (Translator)","0143039423","Want to read"
"The Motorcycle Diaries: Notes on a Latin American Journey","Ernesto ""Che"" Guevara","1876175702","Already read"
"Wicked: The Life and Times of the Wicked Witch of the West","Gregory Maguire","0060987103","Already read"
"The Glass Menagerie","Tennessee Williams","0811214044","Already read"
"The Wind-Up Bird Chronicle: A Novel","Haruki Murakami","0679775439","Want to read"
"Catch-22","Joseph Heller","0684833395","Already read"
"The Screwtape Letters","C.S. Lewis","0060652934","Already read"
"Alice's Adventures in Wonderland and Through the Looking Glass","Lewis Carroll","0451527747","Already read"
"Fahrenheit 451","Ray Bradbury","0345342968","Already read"
"V for Vendetta","Alan Moore","0930289528","Already read"
"The Iliad","Homer","0140275363","Already read"
"The Discoverers","Daniel J. Boorstin","0394726251","Want to read"
"A Streetcar Named Desire","Tennessee Williams","0822210894","Already read"
"The Creators: A History of Heroes of the Imagination","Daniel J. Boorstin","0679743758","Already read"
"A Farewell To Arms","Ernest Hemingway","0684801469","Already read"
"Waiting for Godot: A Tragicomedy in Two Acts","Samuel Beckett","0802130348","Already read"
"Frankenstein","Mary Shelley","0743487583","Already read"
"Atonement","Ian McEwan","038572179X","Want to read"
"The Crucible","Arthur Miller","0142437336","Already read"
"To Kill a Mockingbird","Harper Lee","0446310786","Want to read"
"Oliver Twist","Charles Dickens","0141439742","Want to read"
"A Tale of Two Cities","Charles Dickens","0141439602","Already read"
"The Old Man and the Sea","Ernest Hemingway","0684801221","Want to read"
"Pride and Prejudice","Jane Austen","0553213105","Want to read"
"Guns, Germs, and Steel: The Fates of Human Societies","Jared Diamond","0393061310","Already read"
"Slaughterhouse-Five","Kurt Vonnegut","0385333846","Already read"
"Fear and Trembling (Penguin Great Ideas)","Soren Kierkegaard","0143037579","Already read"
"The Year of Magical Thinking","Joan Didion","1400078431","Already read"
"1984","George Orwell","0451524934","Already read"
"Cat's Cradle","Kurt Vonnegut","038533348X","Already read"
"Fight Club: A Novel","Chuck Palahniuk","0393327345","Want to read"
"Cosmicomics","Italo Calvino","0156226006","Want to read"
"The Taming of the Shrew","William Shakespeare","074347757X","Already read"
"Much Ado About Nothing","William Shakespeare","0743482751","Already read"
"A Midsummer Night's Dream","William Shakespeare","0743477545","Already read"
"Measure for Measure","William Shakespeare","0743484908","Already read"
"Macbeth","William Shakespeare","0743477103","Already read"
"Hamlet","William Shakespeare","074347712X","Already read"
"The Maltese Falcon","Dashiell Hammett","0679722645","Already read"
"Invisible Monsters","Chuck Palahniuk","0393319296","Want to read"
"Brave New World","Aldous Huxley","0060929871","Want to read"
"Animal Farm","George Orwell","0451526341","Already read"
"The Man in the Iron Mask","Alexandre Dumas, père","0192838423","Want to read"
"The Club Dumas","Arturo Perez-Reverte","015603283X","Already read"
"One Hundred Years of Solitude","Gabriel García Márquez","2894293275","Already read"
"The Catcher in the Rye","J.D. Salinger","0316769177","Already read"
"Franny and Zooey","J.D. Salinger","0316769029","Already read"
"The Island of the Day Before","Umberto Eco","0156030373","Already read"
"The Odyssey","Homer","0143039954","Already read"
"Norwegian Wood","Haruki Murakami","0375704027","Already read"
"Welcome to the Monkey House","Kurt Vonnegut","0385333501","Already read"
"Zen and the Art of Motorcycle Maintenance: An Inquiry Into Values","Robert M. Pirsig","0060589469","Already read"
"The New York Trilogy","Paul Auster","0143039830","Already read"
"The Alchemist","Paulo Coelho","0061122416","Already read"
"Snow Crash","Neal Stephenson","0553380958","Want to read"
"In Cold Blood","Truman Capote","0679745580","Want to read"
